exp_type,algo,variant,cv_mean,cvr_mean,cvr_std,L0_mean,cvr_max
ablation,dg,baseline,0.7,0.5709766666666667,0.1826119176164457,103.45127810438075,0.8873
ablation,vag,baseline,0.7,0.53239,0.1617782440049753,45.60405956629323,0.8908
ablation,nsga,baseline,0.7,0.13039,0.11877851755824086,1.7332037796667579,0.512
ablation,rosa,full,0.7,0.1348633333333333,0.12853409271041238,19.326447756420674,0.515
ablation,rosa,norisk,0.7,0.09608666666666667,0.07132038854508732,8.160477094356175,0.2434
