cv_mean,baseline_cvr,rosa_cvr
0.25,0.05613,0.0
0.4,0.10087333333333331,4.666666666666667e-05
0.55,0.15935,0.001503333333333333
0.7,0.2761166666666666,0.01597333333333333
0.85,0.36896,0.07290666666666668
