exp_type,algo,cv_mean,cvr_mean,cvr_std,L0_mean,cvr_max
main,dg,0.55,0.185838,0.1317257482650981,12.236014714577596,0.5601
main,vag,0.55,0.20346599999999998,0.1296899188217804,21.998047374286145,0.5596
main,nsga,0.55,0.0031260000000000003,0.0038846781076428967,0.0,0.0183
main,rosa,0.55,0.001808,0.003020055628626731,0.0,0.0147
